Páginas principais,Cliques,Impressões,CTR,Posição
https://www.devthru.com/tools/automotive/chassi,22,978,2.25%,7.9
https://devthru.com/tools/business/nfce-generator,11,78,14.1%,6.56
https://devthru.com/tools/automotive/license-plate,5,118,4.24%,14.64
https://devthru.com/,5,31,16.13%,9.32
https://www.devthru.com/tools/automotive/license-plate,3,407,0.74%,10.88
https://devthru.com/tools/documents/inscricao-estadual,2,1276,0.16%,10.19
https://www.devthru.com/tools/personal/person,2,24,8.33%,29.42
https://www.devthru.com/tools/personal/phone,1,84,1.19%,17.2
https://www.devthru.com/tools/converters/base,1,56,1.79%,48.34
https://www.devthru.com/ferramentas/inscricao-estadual/pe,1,52,1.92%,16.21
https://devthru.com/tools/finance/credit-card-generator,1,51,1.96%,45.53
https://www.devthru.com/tools/image/placeholder,1,38,2.63%,46.53
https://devthru.com/ferramentas/inscricao-estadual/ba,1,1,100%,8
https://www.devthru.com/tools/automotive/renavam,0,285,0%,9.09
https://www.devthru.com/tools/documents/inscricao-estadual,0,181,0%,9.31
https://devthru.com/tools/personal/phone,0,94,0%,16.41
https://www.devthru.com/tools/utilities/uuid,0,67,0%,65.18
https://www.devthru.com/tools/converters/unit,0,64,0%,69.77
https://www.devthru.com/tools/documents/titulo-eleitor,0,59,0%,23.42
https://www.devthru.com/tools/documents/cnpj,0,42,0%,65.79
https://devthru.com/tools/documents/pis,0,39,0%,25.9
https://www.devthru.com/tools/text/email-validator,0,32,0%,52.88
https://www.devthru.com/tools/business/cnae-search,0,28,0%,56.89
https://devthru.com/ferramentas/inscricao-estadual/to,0,26,0%,30.12
https://devthru.com/ferramentas/inscricao-estadual/ma,0,22,0%,54.91
https://www.devthru.com/tools/converters/currency,0,22,0%,72.82
https://devthru.com/tools/documents/certificate-generator,0,20,0%,26.85
https://www.devthru.com/guides/validation/nfe-generator/csharp,0,18,0%,6.28
https://devthru.com/ferramentas/inscricao-estadual/pr,0,17,0%,33.35
https://devthru.com/ferramentas/inscricao-estadual/df,0,16,0%,38.38
https://devthru.com/tools/finance/iban-validator,0,15,0%,15.2
https://devthru.com/tools/text/character-counter,0,15,0%,34.07
https://www.devthru.com/tools/text/slug-generator,0,12,0%,12.67
https://devthru.com/tools/text/email-validator,0,12,0%,76.75
https://devthru.com/ferramentas/inscricao-estadual/sp,0,11,0%,14.82
https://devthru.com/ferramentas/inscricao-estadual/se,0,11,0%,75.82
https://devthru.com/ferramentas/inscricao-estadual/am,0,10,0%,24.2
https://www.devthru.com/tools/utilities/lorem,0,8,0%,26.88
https://www.devthru.com/tools/image/favicon,0,8,0%,66.12
https://devthru.com/guides/validation/cte-generator/python,0,6,0%,7.83
https://www.devthru.com/ferramentas/inscricao-estadual/to,0,6,0%,22.67
https://www.devthru.com/guides/generation/url-encoder/javascript,0,6,0%,22.67
https://devthru.com/tools/converters/base,0,6,0%,56.33
https://www.devthru.com/blog,0,5,0%,1
https://www.devthru.com/updates,0,5,0%,2.6
https://devthru.com/guides/generation/url-encoder/javascript,0,5,0%,38.2
https://www.devthru.com/ferramentas/inscricao-estadual/pr,0,4,0%,49
https://devthru.com/ferramentas/inscricao-estadual/go,0,4,0%,82.25
https://www.devthru.com/about,0,3,0%,1
https://www.devthru.com/pricing,0,3,0%,1
https://devthru.com/updates,0,3,0%,2.67
https://devthru.com/tools/utilities/qrcode,0,3,0%,5.67
https://www.devthru.com/ferramentas/inscricao-estadual/go,0,3,0%,7.33
https://devthru.com/tools/documents/titulo-eleitor,0,3,0%,7.67
https://devthru.com/tools/documents/rg,0,3,0%,8.33
https://devthru.com/tools/automotive/fipe,0,3,0%,40.67
https://devthru.com/tools/image/favicon,0,3,0%,55.33
https://devthru.com/tools/utilities/url-encoder,0,3,0%,74.67
https://www.devthru.com/terms,0,2,0%,4
https://devthru.com/terms,0,2,0%,4.5
https://devthru.com/ferramentas/inscricao-estadual/ac,0,2,0%,5.5
https://devthru.com/privacy,0,2,0%,5.5
https://www.devthru.com/guides/validation/cte-generator/javascript,0,2,0%,8.5
https://www.devthru.com/ferramentas/inscricao-estadual/sp,0,2,0%,11.5
https://www.devthru.com/ferramentas/inscricao-estadual/ma,0,2,0%,13
https://devthru.com/ferramentas/inscricao-estadual/pe,0,2,0%,37.5
https://www.devthru.com/ferramentas/inscricao-estadual/ce,0,2,0%,39.5
https://www.devthru.com/tools/utilities/hash,0,2,0%,40.5
https://devthru.com/tools/utilities/hash,0,1,0%,8
https://www.devthru.com/tools/development/minifier,0,1,0%,9
https://devthru.com/ferramentas/inscricao-estadual/ce,0,1,0%,12
https://devthru.com/tools/personal/person,0,1,0%,12
https://devthru.com/tools/business/cnae-search,0,1,0%,96